season,other_mean,b2b_mean,standard_error
2014-15,1.7920953073845000,1.7947623723487800,0.0044626472481388300
2016-17,1.7979707987403400,1.7851673544245800,0.004427792153153070
2017-18,1.8261784324624800,1.8059245867768600,0.0044511494397040100
2018-19,1.923114389089900,1.901689536878220,0.004669529076126740
2019-20,1.912321626873960,1.913545347467610,0.005156704643760440