season,other_mean,b2b_mean,standard_error
2014-15,1.7920953073845034,1.7947623723487824,0.0044626472481388265
2016-17,1.7979707987403377,1.7851673544245759,0.004427792153153068
2017-18,1.8261784324624792,1.8059245867768594,0.0044511494397040064
2018-19,1.923114389089897,1.901689536878216,0.004669529076126744
2019-20,1.912321626873959,1.913545347467609,0.005156704643760444
