season,other_mean,b2b_mean,standard_error_other,standard_error_b2b
2014-15,1.7920953073845034,1.7947623723487824,0.00439098831027864,0.007862103343717645
2016-17,1.7979707987403377,1.7851673544245759,0.004273595904314529,0.008346265777843889
2017-18,1.8261784324624792,1.8059245867768594,0.004192778861596993,0.008900459720217824
2018-19,1.923114389089897,1.901689536878216,0.004377135002317286,0.009662773994929034
2019-20,1.912321626873959,1.913545347467609,0.004792165105279459,0.011544028745781632
