season,other_mean,b2b_mean,standard_error_other,standard_error_b2b
2014-15,1.7920953073845000,1.7947623723487800,0.00439098831027864,0.007862103343717650
2016-17,1.7979707987403400,1.7851673544245800,0.004273595904314530,0.008346265777843890
2017-18,1.8261784324624800,1.8059245867768600,0.004192778861596990,0.008900459720217820
2018-19,1.923114389089900,1.901689536878220,0.004377135002317290,0.009662773994929030
2019-20,1.912321626873960,1.913545347467610,0.004792165105279460,0.011544028745781600