season,other_mean,b2b_mean,standard_error
2014-15,4.197352370558991,4.181417910447761,0.003085821751522234
2016-17,4.250887489264243,4.230550206327373,0.00277448947171006
2017-18,4.325033907726515,4.317151342975206,0.002935916581504
2018-19,4.241251878652936,4.233084619782733,0.0026444106791733524
2019-20,4.204714741810106,4.186615626226934,0.0028378191144592235
