season,other_mean,b2b_mean,standard_error_other,standard_error_b2b
2014-15,4.197352370558991,4.181417910447761,0.0021105374288269176,0.0038733995690140416
2016-17,4.250887489264243,4.230550206327373,0.002041344414145025,0.004099202383397674
2017-18,4.325033907726515,4.317151342975206,0.0020977567867865293,0.004483756125226405
2018-19,4.241251878652936,4.233084619782733,0.0019792081860917766,0.004444448755946028
2019-20,4.204714741810106,4.186615626226934,0.0021679554101769003,0.005045404190757906
