season,other_mean,b2b_mean,standard_error
2014-15,4.197352370558990,4.181417910447760,0.003085821751522230
2016-17,4.250887489264240,4.230550206327370,0.00277448947171006
2017-18,4.325033907726520,4.317151342975210,0.002935916581504
2018-19,4.241251878652940,4.233084619782730,0.0026444106791733500
2019-20,4.204714741810110,4.186615626226930,0.0028378191144592200