season,other_mean,b2b_mean,standard_error_other,standard_error_b2b
2014-15,4.197352370558990,4.181417910447760,0.0021105374288269200,0.0038733995690140400
2016-17,4.250887489264240,4.230550206327370,0.002041344414145030,0.004099202383397670
2017-18,4.325033907726520,4.317151342975210,0.0020977567867865300,0.004483756125226410
2018-19,4.241251878652940,4.233084619782730,0.0019792081860917800,0.004444448755946030
2019-20,4.204714741810110,4.186615626226930,0.0021679554101769000,0.005045404190757910