Test,Mean_of_X,Mean_of_Y,P_Value,standard_error_other,standard_error_fatigue
2nd_B2B,-2.856852201714867,-2.7709382151029747,0.7760985493014415,0.16755325434438473,0.2513375228637782
Three_in_Four,-2.3641956278026908,-3.691822366639588,2.60282105080454e-6,0.16468760138665733,0.22923610407193998
both,-2.2904912836767037,-5.0661764705882355,5.37911556104308e-4,0.20994976699172047,0.7671061575343076
3hrsBack,-2.787188113260443,-5.30546875,0.04947001508875723,0.13461787251036095,1.2627408305974979
