Test,Mean_of_X,Mean_of_Y,P_Value,standard_error
2nd_B2B,-2.856852201714870,-2.7709382151029700,0.7760985493014420,0.13388045071729900
Three_in_Four,-2.3641956278026900,-3.691822366639590,2.60282105080454E-06,0.13388045071729900
both,-2.2904912836767000,-5.0661764705882400,5.37911556104308E-04,0.13388045071729900
3hrsBack,-2.787188113260440,-5.30546875,0.04947001508875720,0.13388045071729900