Test,Mean_of_X,Mean_of_Y,P_Value,standard_error
2nd_B2B,-2.856852201714867,-2.7709382151029747,0.7760985493014415,0.13388045071729884
Three_in_Four,-2.3641956278026908,-3.691822366639588,2.60282105080454e-6,0.13388045071729884
both,-2.2904912836767037,-5.0661764705882355,5.37911556104308e-4,0.13388045071729884
3hrsBack,-2.787188113260443,-5.30546875,0.04947001508875723,0.13388045071729884
